{"Accels": [1.0088357602759317, 1.006315364048614, 0.9965884694098207], "AccelBias": [0.0015308100149910163, 0.08885429579268558, -0.8080864178381353], "GyroBias": [0.00921867277909265, 0.07658569207232921, -0.07402369201065447], "Mags": [1.0, 1.0, 1.0], "MagBias": [4.395948994522654, 3.528177473808713, -4.907224126394102], "Magtransform": [[0.9844472058326724, -0.48315439013406963, -0.06929821454622001], [-0.48315439013406963, 1.2438121206110502, 0.04963348366917944], [-0.06929821454622001, 0.04963348366917944, 1.0141725628740828]]}